observation_date;INDPRO;CPIAUCSL;BAA10YM;USREC
1953-04-01;19,5630;26,690;0,82;0
1953-05-01;19,6708;26,700;0,73;0
1953-06-01;19,5900;26,770;0,75;0
1953-07-01;19,8325;26,790;0,93;0
1953-08-01;19,7247;26,850;0,90;1
1953-09-01;19,3205;26,890;1,01;1
1953-10-01;19,1588;26,950;1,16;1
1953-11-01;18,7008;26,850;1,07;1
1953-12-01;18,2427;26,870;1,15;1
1954-01-01;18,1079;26,940;1,23;1
1954-02-01;18,1618;26,990;1,14;1
1954-03-01;18,0540;26,930;1,14;1
1954-04-01;17,9462;26,860;1,18;1
1954-05-01;18,0540;26,930;1,10;1
1954-06-01;18,1079;26,940;1,11;0
1954-07-01;18,1349;26,860;1,20;0
1954-08-01;18,1079;26,850;1,13;0
1954-09-01;18,1349;26,810;1,09;0
1954-10-01;18,3505;26,720;1,03;0
1954-11-01;18,6469;26,780;0,97;0
1954-12-01;18,8894;26,770;0,94;0
1955-01-01;19,3205;26,770;0,84;0
1955-02-01;19,5630;26,820;0,82;0
1955-03-01;20,0211;26,790;0,80;0
1955-04-01;20,2636;26,790;0,74;0
1955-05-01;20,5870;26,770;0,74;0
1955-06-01;20,6139;26,710;0,73;0
1955-07-01;20,7756;26,760;0,62;0
1955-08-01;20,7487;26,720;0,59;0
1955-09-01;20,8834;26,850;0,62;0
1955-10-01;21,2337;26,820;0,71;0
1955-11-01;21,2876;26,880;0,69;0
1955-12-01;21,3684;26,870;0,66;0
1956-01-01;21,5032;26,830;0,70;0
1956-02-01;21,3145;26,860;0,74;0
1956-03-01;21,3145;26,890;0,64;0
1956-04-01;21,4762;26,930;0,50;0
1956-05-01;21,2876;27,030;0,66;0
1956-06-01;21,0990;27,150;0,76;0
1956-07-01;20,4522;27,290;0,69;0
1956-08-01;21,2876;27,310;0,60;0
1956-09-01;21,7726;27,350;0,69;0
1956-10-01;21,9613;27,510;0,83;0
1956-11-01;21,7726;27,510;0,75;0
1956-12-01;22,0960;27,630;0,78;0
1957-01-01;22,0151;27,670;1,03;0
1957-02-01;22,2307;27,800;1,13;0
1957-03-01;22,2038;27,860;1,02;0
1957-04-01;21,9074;27,930;0,96;0
1957-05-01;21,8265;28,000;0,92;0
1957-06-01;21,8804;28,110;0,83;0
1957-07-01;22,0151;28,190;0,80;0
1957-08-01;22,0152;28,280;0,89;0
1957-09-01;21,8265;28,320;1,01;1
1957-10-01;21,5032;28,320;1,02;1
1957-11-01;20,9912;28,410;1,37;1
1957-12-01;20,5870;28,470;1,82;1
1958-01-01;20,2097;28,640;1,74;1
1958-02-01;19,7786;28,700;1,61;1
1958-03-01;19,5361;28,870;1,70;1
1958-04-01;19,2127;28,940;1,79;1
1958-05-01;19,4013;28,940;1,70;0
1958-06-01;19,9133;28,910;1,58;0
1958-07-01;20,2097;28,890;1,33;0
1958-08-01;20,6139;28,940;1,13;0
1958-09-01;20,8026;28,910;1,11;0
1958-10-01;21,0451;28,910;1,12;0
1958-11-01;21,6649;28,950;1,13;0
1958-12-01;21,6918;28,970;0,99;0
1959-01-01;22,0151;29,010;0,85;0
1959-02-01;22,4463;29,000;0,93;0
1959-03-01;22,7696;28,970;0,86;0
1959-04-01;23,2547;28,980;0,74;0
1959-05-01;23,6050;29,040;0,65;0
1959-06-01;23,6319;29,110;0,70;0
1959-07-01;23,0660;29,150;0,68;0
1959-08-01;22,2846;29,180;0,66;0
1959-09-01;22,2577;29,250;0,50;0
1959-10-01;22,0960;29,350;0,75;0
1959-11-01;22,2307;29,350;0,73;0
1959-12-01;23,6050;29,410;0,59;0
1960-01-01;24,2247;29,370;0,62;0
1960-02-01;24,0092;29,410;0,85;0
1960-03-01;23,7936;29,410;1,00;0
1960-04-01;23,6050;29,540;0,92;0
1960-05-01;23,5780;29,570;0,93;1
1960-06-01;23,2816;29,610;1,11;1
1960-07-01;23,2008;29,550;1,32;1
1960-08-01;23,1738;29,610;1,28;1
1960-09-01;22,9313;29,610;1,21;1
1960-10-01;22,9044;29,750;1,22;1
1960-11-01;22,5810;29,780;1,15;1
1960-12-01;22,1499;29,810;1,26;1
1961-01-01;22,1768;29,840;1,26;1
1961-02-01;22,1499;29,840;1,29;1
1961-03-01;22,2846;29,840;1,28;0
1961-04-01;22,7427;29,810;1,23;0
1961-05-01;23,0930;29,840;1,30;0
1961-06-01;23,4164;29,840;1,15;0
1961-07-01;23,6858;29,920;1,17;0
1961-08-01;23,9014;29,940;1,07;0
1961-09-01;23,8745;29,980;1,14;0
1961-10-01;24,3325;29,980;1,21;0
1961-11-01;24,7098;29,980;1,17;0
1961-12-01;24,9253;30,010;1,04;0
1962-01-01;24,7098;30,040;1,00;0
1962-02-01;25,1140;30,110;1,03;0
1962-03-01;25,2487;30,170;1,11;0
1962-04-01;25,3026;30,210;1,18;0
1962-05-01;25,2756;30,240;1,13;0
1962-06-01;25,2218;30,210;1,11;0
1962-07-01;25,4643;30,220;1,04;0
1962-08-01;25,4912;30,280;1,08;0
1962-09-01;25,6529;30,420;1,05;0
1962-10-01;25,6799;30,380;1,06;0
1962-11-01;25,7876;30,380;1,04;0
1962-12-01;25,7876;30,380;1,06;0
1963-01-01;25,9762;30,440;1,08;0
1963-02-01;26,2727;30,480;0,97;0
1963-03-01;26,4344;30,510;0,95;0
1963-04-01;26,6769;30,480;0,90;0
1963-05-01;27,0002;30,510;0,92;0
1963-06-01;27,0811;30,610;0,85;0
1963-07-01;26,9733;30,690;0,82;0
1963-08-01;27,0272;30,750;0,83;0
1963-09-01;27,2966;30,720;0,76;0
1963-10-01;27,4853;30,750;0,72;0
1963-11-01;27,6200;30,780;0,72;0
1963-12-01;27,5661;30,880;0,72;0
1964-01-01;27,8086;30,940;0,66;0
1964-02-01;27,9972;30,910;0,68;0
1964-03-01;27,9972;30,940;0,61;0
1964-04-01;28,4553;30,950;0,62;0
1964-05-01;28,6170;30,980;0,65;0
1964-06-01;28,6978;31,010;0,68;0
1964-07-01;28,8865;31,020;0,64;0
1964-08-01;29,0751;31,050;0,63;0
1964-09-01;29,1829;31,080;0,62;0
1964-10-01;28,7787;31,120;0,62;0
1964-11-01;29,6679;31,210;0,66;0
1964-12-01;30,0182;31,250;0,63;0
1965-01-01;30,3416;31,280;0,61;0
1965-02-01;30,5302;31,280;0,57;0
1965-03-01;30,9344;31,310;0,57;0
1965-04-01;31,0691;31,380;0,60;0
1965-05-01;31,3116;31,480;0,60;0
1965-06-01;31,5541;31,610;0,64;0
1965-07-01;31,8506;31,580;0,68;0
1965-08-01;31,9853;31,550;0,63;0
1965-09-01;32,0661;31,620;0,62;0
1965-10-01;32,3895;31,650;0,58;0
1965-11-01;32,5242;31,750;0,50;0
1965-12-01;32,9284;31,850;0,40;0
1966-01-01;33,2518;31,880;0,45;0
1966-02-01;33,4674;32,080;0,29;0
1966-03-01;33,9254;32,180;0,45;0
1966-04-01;33,9793;32,280;0,66;0
1966-05-01;34,3027;32,350;0,70;0
1966-06-01;34,4643;32,380;0,77;0
1966-07-01;34,6530;32,450;0,66;0
1966-08-01;34,6799;32,650;0,61;0
1966-09-01;35,0033;32,750;0,91;0
1966-10-01;35,2458;32,850;1,09;0
1966-11-01;35,0033;32,880;0,97;0
1966-12-01;35,0841;32,920;1,34;0
1967-01-01;35,2496;32,900;1,39;0
1967-02-01;34,8498;33,000;1,19;0
1967-03-01;34,6534;33,000;1,31;0
1967-04-01;34,9802;33,100;1,24;0
1967-05-01;34,6750;33,100;1,11;0
1967-06-01;34,6707;33,300;1,13;0
1967-07-01;34,5918;33,400;1,10;0
1967-08-01;35,2545;33,500;1,05;0
1967-09-01;35,1972;33,600;1,10;0
1967-10-01;35,4839;33,700;1,04;0
1967-11-01;35,9914;33,900;0,97;0
1967-12-01;36,3790;34,000;1,23;0
1968-01-01;36,3399;34,100;1,31;0
1968-02-01;36,4701;34,200;1,24;0
1968-03-01;36,5839;34,300;1,11;0
1968-04-01;36,6369;34,400;1,33;0
1968-05-01;37,0478;34,500;1,16;0
1968-06-01;37,1839;34,700;1,35;0
1968-07-01;37,1269;34,900;1,48;0
1968-08-01;37,2305;35,000;1,40;0
1968-09-01;37,3715;35,100;1,33;0
1968-10-01;37,4457;35,300;1,26;0
1968-11-01;37,9301;35,400;1,31;0
1968-12-01;38,0499;35,600;1,20;0
1969-01-01;38,2801;35,700;1,28;0
1969-02-01;38,5250;35,800;1,11;0
1969-03-01;38,8271;36,100;1,21;0
1969-04-01;38,6842;36,300;1,37;0
1969-05-01;38,5380;36,400;1,20;0
1969-06-01;38,9145;36,600;1,13;0
1969-07-01;39,1200;36,800;1,12;0
1969-08-01;39,2099;36,900;1,17;0
1969-09-01;39,2011;37,100;0,89;0
1969-10-01;39,2125;37,300;1,12;0
1969-11-01;38,8429;37,500;1,11;0
1969-12-01;38,7387;37,700;1,00;0
1970-01-01;38,0213;37,900;1,07;1
1970-02-01;37,9963;38,100;1,54;1
1970-03-01;37,9469;38,300;1,56;1
1970-04-01;37,8494;38,500;1,31;1
1970-05-01;37,8053;38,600;1,07;1
1970-06-01;37,6830;38,800;1,41;1
1970-07-01;37,7755;38,900;1,94;1
1970-08-01;37,7081;39,000;1,91;1
1970-09-01;37,4482;39,200;2,00;1
1970-10-01;36,6991;39,400;2,00;1
1970-11-01;36,4768;39,600;2,54;1
1970-12-01;37,3145;39,800;2,73;0
1971-01-01;37,6015;39,900;2,50;0
1971-02-01;37,5299;39,900;2,28;0
1971-03-01;37,4892;40,000;2,76;0
1971-04-01;37,6998;40,100;2,62;0
1971-05-01;37,8911;40,300;2,23;0
1971-06-01;38,0500;40,500;2,23;0
1971-07-01;37,9395;40,600;2,03;0
1971-08-01;37,7193;40,700;2,18;0
1971-09-01;38,3324;40,800;2,45;0
1971-10-01;38,6193;40,900;2,55;0
1971-11-01;38,7832;41,000;2,57;0
1971-12-01;39,2309;41,100;2,45;0
1972-01-01;40,1688;41,200;2,28;0
1972-02-01;40,5837;41,400;2,15;0
1972-03-01;40,8655;41,400;2,17;0
1972-04-01;41,2656;41,500;2,05;0
1972-05-01;41,2706;41,600;2,10;0
1972-06-01;41,3786;41,700;2,09;0
1972-07-01;41,3347;41,800;2,12;0
1972-08-01;41,9046;41,900;1,98;0
1972-09-01;42,2284;42,100;1,54;0
1972-10-01;42,7745;42,200;1,58;0
1972-11-01;43,2795;42,400;1,71;0
1972-12-01;43,7695;42,500;1,57;0
1973-01-01;44,0847;42,700;1,44;0
1973-02-01;44,7242;43,000;1,33;0
1973-03-01;44,7435;43,400;1,32;0
1973-04-01;44,6782;43,700;1,42;0
1973-05-01;44,9741;43,900;1,21;0
1973-06-01;45,0257;44,200;1,23;0
1973-07-01;45,1952;44,200;1,11;0
1973-08-01;45,1308;45,000;1,13;0
1973-09-01;45,4862;45,200;1,54;0
1973-10-01;45,8531;45,600;1,62;0
1973-11-01;46,0654;45,900;1,69;0
1973-12-01;45,9344;46,300;1,74;1
1974-01-01;45,6298;46,800;1,49;1
1974-02-01;45,4951;47,300;1,57;1
1974-03-01;45,4952;47,800;1,41;1
1974-04-01;45,3625;48,100;1,36;1
1974-05-01;45,7241;48,600;1,47;1
1974-06-01;45,6390;49,000;1,73;1
1974-07-01;45,7193;49,300;1,67;1
1974-08-01;45,2357;49,900;1,73;1
1974-09-01;45,2421;50,600;2,14;1
1974-10-01;45,1011;51,000;2,58;1
1974-11-01;43,6158;51,500;2,92;1
1974-12-01;42,0553;51,900;3,20;1
1975-01-01;41,4750;52,300;3,31;1
1975-02-01;40,5290;52,600;3,26;1
1975-03-01;40,0796;52,800;2,75;1
1975-04-01;40,1527;53,000;2,35;0
1975-05-01;40,0399;53,100;2,63;0
1975-06-01;40,2987;53,500;2,76;0
1975-07-01;40,7094;54,000;2,49;0
1975-08-01;41,1098;54,200;2,19;0
1975-09-01;41,6380;54,600;2,18;0
1975-10-01;41,8171;54,900;2,48;0
1975-11-01;41,8764;55,300;2,51;0
1975-12-01;42,4484;55,600;2,56;0
1976-01-01;43,0149;55,800;2,67;0
1976-02-01;43,4515;55,900;2,45;0
1976-03-01;43,5359;56,000;2,39;0
1976-04-01;43,7593;56,100;2,38;0
1976-05-01;43,9359;56,400;1,96;0
1976-06-01;43,9918;56,700;2,03;0
1976-07-01;44,2254;57,000;1,99;0
1976-08-01;44,5365;57,300;1,87;0
1976-09-01;44,6775;57,600;1,81;0
1976-10-01;44,6695;57,900;1,88;0
1976-11-01;45,3540;58,100;1,94;0
1976-12-01;45,8357;58,400;2,25;0
1977-01-01;45,5276;58,700;1,87;0
1977-02-01;46,2567;59,300;1,73;0
1977-03-01;46,8356;59,600;1,66;0
1977-04-01;47,2898;60,000;1,70;0
1977-05-01;47,6607;60,200;1,55;0
1977-06-01;48,0196;60,500;1,63;0
1977-07-01;48,0819;60,800;1,54;0
1977-08-01;48,1315;61,100;1,42;0
1977-09-01;48,3308;61,300;1,46;0
1977-10-01;48,4014;61,600;1,37;0
1977-11-01;48,4924;62,000;1,37;0
1977-12-01;48,5640;62,300;1,30;0
1978-01-01;47,8693;62,700;1,21;0
1978-02-01;48,1283;63,000;1,17;0
1978-03-01;49,0553;63,400;1,18;0
1978-04-01;50,0260;63,900;1,17;0
1978-05-01;50,2717;64,500;1,14;0
1978-06-01;50,5939;65,000;1,14;0
1978-07-01;50,5499;65,500;0,96;0
1978-08-01;50,7622;65,900;1,07;0
1978-09-01;50,8856;66,500;1,00;0
1978-10-01;51,2821;67,100;0,95;0
1978-11-01;51,6737;67,500;1,02;0
1978-12-01;51,9404;67,900;0,93;0
1979-01-01;51,6507;68,500;1,03;0
1979-02-01;51,9097;69,200;0,98;0
1979-03-01;52,0667;69,900;1,14;0
1979-04-01;51,4548;70,600;1,15;0
1979-05-01;51,9061;71,400;1,22;0
1979-06-01;51,9067;72,200;1,47;0
1979-07-01;51,8258;73,000;1,34;0
1979-08-01;51,4900;73,700;1,32;0
1979-09-01;51,4847;74,400;1,21;0
1979-10-01;51,8421;75,200;1,10;0
1979-11-01;51,7591;76,000;1,34;0
1979-12-01;51,7974;76,900;1,67;0
1980-01-01;52,0677;78,000;1,62;0
1980-02-01;52,0899;79,000;1,16;1
1980-03-01;51,8687;80,100;1,70;1
1980-04-01;50,8454;80,900;2,72;1
1980-05-01;49,5947;81,700;2,99;1
1980-06-01;48,9621;82,500;2,93;1
1980-07-01;48,6090;82,600;2,40;1
1980-08-01;48,7646;83,200;2,05;0
1980-09-01;49,5764;83,900;2,19;0
1980-10-01;50,2058;84,700;2,48;0
1980-11-01;51,0418;85,600;1,96;0
1980-12-01;51,3906;86,400;2,30;0
1981-01-01;51,0656;87,200;2,46;0
1981-02-01;50,8554;88,000;2,18;0
1981-03-01;51,1107;88,600;2,22;0
1981-04-01;50,8864;89,100;1,88;0
1981-05-01;51,1788;89,700;1,85;0
1981-06-01;51,4496;90,500;2,33;0
1981-07-01;51,7764;91,500;1,89;0
1981-08-01;51,7129;92,200;1,40;1
1981-09-01;51,4605;93,100;1,60;1
1981-10-01;51,0625;93,400;1,96;1
1981-11-01;50,4730;93,800;3,00;1
1981-12-01;49,9364;94,100;2,83;1
1982-01-01;48,9114;94,400;2,51;1
1982-02-01;49,9102;94,700;2,75;1
1982-03-01;49,5691;94,700;2,96;1
1982-04-01;49,1146;95,000;2,91;1
1982-05-01;48,7805;95,900;3,02;1
1982-06-01;48,6606;97,000;2,62;1
1982-07-01;48,4863;97,500;2,85;1
1982-08-01;48,0569;97,700;3,26;1
1982-09-01;47,9303;97,700;3,29;1
1982-10-01;47,4738;98,100;3,82;1
1982-11-01;47,3200;98,000;3,75;1
1982-12-01;46,9813;97,700;3,60;0
1983-01-01;47,8523;97,900;3,48;0
1983-02-01;47,5667;98,000;3,23;0
1983-03-01;47,9599;98,100;3,10;0
1983-04-01;48,5564;98,800;2,89;0
1983-05-01;48,8647;99,200;2,71;0
1983-06-01;49,1558;99,400;2,52;0
1983-07-01;49,8873;99,800;2,01;0
1983-08-01;50,4843;100,100;1,79;0
1983-09-01;51,2160;100,400;1,90;0
1983-10-01;51,6139;100,800;1,92;0
1983-11-01;51,8420;101,100;1,92;0
1983-12-01;52,0948;101,400;1,92;0
1984-01-01;53,1348;102,100;1,98;0
1984-02-01;53,3763;102,600;1,75;0
1984-03-01;53,6314;102,900;1,67;0
1984-04-01;53,9491;103,300;1,68;0
1984-05-01;54,2396;103,500;1,33;0
1984-06-01;54,4288;103,700;1,49;0
1984-07-01;54,5865;104,100;1,79;0
1984-08-01;54,6530;104,400;1,91;0
1984-09-01;54,4949;104,700;1,83;0
1984-10-01;54,4772;105,100;1,78;0
1984-11-01;54,6594;105,300;1,91;0
1984-12-01;54,6892;105,500;1,90;0
1985-01-01;54,6505;105,700;1,88;0
1985-02-01;54,8169;106,300;1,72;0
1985-03-01;54,8978;106,800;1,83;0
1985-04-01;54,7833;107,000;2,08;0
1985-05-01;54,8704;107,200;2,30;0
1985-06-01;54,8401;107,500;2,24;0
1985-07-01;54,5582;107,700;2,12;0
1985-08-01;54,7381;107,900;2,17;0
1985-09-01;54,9416;108,100;2,11;0
1985-10-01;54,7538;108,500;2,12;0
1985-11-01;54,9390;109,000;2,21;0
1985-12-01;55,4945;109,500;2,32;0
1986-01-01;55,7802;109,900;2,25;0
1986-02-01;55,3994;109,700;2,41;0
1986-03-01;55,0001;109,100;2,72;0
1986-04-01;55,0641;108,700;2,89;0
1986-05-01;55,1705;109,000;2,58;0
1986-06-01;54,9588;109,400;2,54;0
1986-07-01;55,2944;109,500;2,86;0
1986-08-01;55,2029;109,600;3,01;0
1986-09-01;55,3511;110,000;2,75;0
1986-10-01;55,5857;110,200;2,81;0
1986-11-01;55,8030;110,400;2,82;0
1986-12-01;56,3441;110,800;2,86;0
1987-01-01;56,1259;111,400;2,64;0
1987-02-01;56,8779;111,800;2,40;0
1987-03-01;56,9516;112,200;2,36;0
1987-04-01;57,3177;112,700;2,02;0
1987-05-01;57,6774;113,000;1,90;0
1987-06-01;57,9875;113,500;2,12;0
1987-07-01;58,3790;113,800;2,16;0
1987-08-01;58,8171;114,300;2,04;0
1987-09-01;59,0391;114,700;1,89;0
1987-10-01;59,8340;115,000;2,10;0
1987-11-01;60,1367;115,400;2,37;0
1987-12-01;60,4739;115,600;2,30;0
1988-01-01;60,4594;116,000;2,40;0
1988-02-01;60,7643;116,200;2,41;0
1988-03-01;60,8948;116,500;2,20;0
1988-04-01;61,2475;117,200;2,18;0
1988-05-01;61,1353;117,500;1,95;0
1988-06-01;61,2995;118,000;2,08;0
1988-07-01;61,3110;118,500;2,05;0
1988-08-01;61,6234;119,000;1,95;0
1988-09-01;61,4255;119,500;1,92;0
1988-10-01;61,6940;119,900;1,61;0
1988-11-01;61,8494;120,300;1,52;0
1988-12-01;62,1171;120,700;1,54;0
1989-01-01;62,3103;121,200;1,56;0
1989-02-01;62,0353;121,600;1,44;0
1989-03-01;62,1950;122,200;1,31;0
1989-04-01;62,1753;123,100;1,43;0
1989-05-01;61,8321;123,700;1,60;0
1989-06-01;61,8246;124,100;1,75;0
1989-07-01;61,2285;124,500;1,85;0
1989-08-01;61,8334;124,500;1,77;0
1989-09-01;61,6221;124,800;1,72;0
1989-10-01;61,5537;125,400;1,80;0
1989-11-01;61,7575;125,900;1,94;0
1989-12-01;62,1111;126,300;1,98;0
1990-01-01;61,7781;127,500;1,73;0
1990-02-01;62,3426;128,000;1,67;0
1990-03-01;62,6446;128,600;1,62;0
1990-04-01;62,5104;128,900;1,51;0
1990-05-01;62,6898;129,100;1,65;0
1990-06-01;62,8923;129,900;1,74;0
1990-07-01;62,7933;130,500;1,73;0
1990-08-01;63,0241;131,600;1,66;1
1990-09-01;63,0328;132,500;1,75;1
1990-10-01;62,6466;133,400;2,02;1
1990-11-01;61,8681;133,700;2,23;1
1990-12-01;61,4345;134,200;2,35;1
1991-01-01;61,2241;134,700;2,36;1
1991-02-01;60,7790;134,800;2,22;1
1991-03-01;60,4377;134,800;1,98;1
1991-04-01;60,5982;135,100;1,90;0
1991-05-01;61,2041;135,600;1,79;0
1991-06-01;61,6923;136,000;1,68;0
1991-07-01;61,8569;136,200;1,62;0
1991-08-01;61,8681;136,600;1,75;0
1991-09-01;62,3855;137,000;1,86;0
1991-10-01;62,3229;137,200;1,96;0
1991-11-01;62,2427;137,800;2,03;0
1991-12-01;61,9705;138,200;2,17;0
1992-01-01;61,6471;138,300;2,10;0
1992-02-01;62,0794;138,600;1,89;0
1992-03-01;62,5955;139,100;1,71;0
1992-04-01;63,0726;139,400;1,73;0
1992-05-01;63,2761;139,700;1,74;0
1992-06-01;63,3102;140,100;1,79;0
1992-07-01;63,8769;140,500;2,00;0
1992-08-01;63,5221;140,800;2,06;0
1992-09-01;63,7217;141,100;2,20;0
1992-10-01;64,1556;141,700;2,25;0
1992-11-01;64,4144;142,100;2,09;0
1992-12-01;64,5161;142,300;2,04;0
1993-01-01;64,7738;142,800;2,07;0
1993-02-01;65,0805;143,100;2,13;0
1993-03-01;65,0176;143,300;2,17;0
1993-04-01;65,2041;143,800;2,17;0
1993-05-01;64,9433;144,200;2,17;0
1993-06-01;65,0984;144,300;2,11;0
1993-07-01;65,2554;144,500;2,12;0
1993-08-01;65,1946;144,800;1,92;0
1993-09-01;65,5282;145,000;1,98;0
1993-10-01;66,0152;145,600;1,98;0
1993-11-01;66,3292;146,000;1,94;0
1993-12-01;66,7038;146,300;1,92;0
1994-01-01;66,9164;146,300;1,90;0
1994-02-01;66,9642;146,700;1,79;0
1994-03-01;67,6335;147,100;1,65;0
1994-04-01;68,0334;147,200;1,55;0
1994-05-01;68,3531;147,500;1,44;0
1994-06-01;68,8002;147,900;1,55;0
1994-07-01;68,8863;148,400;1,50;0
1994-08-01;69,3412;149,000;1,50;0
1994-09-01;69,5574;149,300;1,52;0
1994-10-01;70,1190;149,400;1,46;0
1994-11-01;70,5942;149,800;1,36;0
1994-12-01;71,2814;150,100;1,29;0
1995-01-01;71,4303;150,500;1,30;0
1995-02-01;71,3343;150,900;1,38;0
1995-03-01;71,4451;151,200;1,50;0
1995-04-01;71,3289;151,800;1,54;0
1995-05-01;71,6600;152,100;1,57;0
1995-06-01;71,8967;152,400;1,73;0
1995-07-01;71,5924;152,600;1,76;0
1995-08-01;72,5339;152,900;1,70;0
1995-09-01;72,8247;153,100;1,73;0
1995-10-01;72,7130;153,500;1,71;0
1995-11-01;72,8884;153,700;1,75;0
1995-12-01;73,1429;153,900;1,78;0
1996-01-01;72,7471;154,700;1,82;0
1996-02-01;73,7871;155,000;1,82;0
1996-03-01;73,6749;155,500;1,76;0
1996-04-01;74,4153;156,100;1,68;0
1996-05-01;74,9718;156,400;1,56;0
1996-06-01;75,5317;156,700;1,49;0
1996-07-01;75,5323;157,000;1,48;0
1996-08-01;75,9129;157,200;1,54;0
1996-09-01;76,4032;157,700;1,52;0
1996-10-01;76,3931;158,200;1,54;0
1996-11-01;77,0672;158,700;1,59;0
1996-12-01;77,5543;159,100;1,59;0
1997-01-01;77,6945;159,400;1,51;0
1997-02-01;78,6120;159,700;1,52;0
1997-03-01;79,1021;159,800;1,49;0
1997-04-01;79,1683;159,900;1,45;0
1997-05-01;79,6084;159,900;1,49;0
1997-06-01;79,9802;160,200;1,53;0
1997-07-01;80,6492;160,400;1,53;0
1997-08-01;81,4548;160,800;1,52;0
1997-09-01;82,2120;161,200;1,49;0
1997-10-01;82,9309;161,500;1,54;0
1997-11-01;83,5919;161,700;1,54;0
1997-12-01;83,9696;161,800;1,51;0
1998-01-01;84,3467;162,000;1,65;0
1998-02-01;84,4865;162,000;1,68;0
1998-03-01;84,5212;162,000;1,67;0
1998-04-01;84,8275;162,200;1,69;0
1998-05-01;85,3596;162,600;1,65;0
1998-06-01;84,8466;162,800;1,63;0
1998-07-01;84,5061;163,200;1,69;0
1998-08-01;86,2464;163,400;1,80;0
1998-09-01;86,1707;163,500;2,28;0
1998-10-01;86,7671;163,900;2,65;0
1998-11-01;86,6929;164,100;2,51;0
1998-12-01;87,0633;164,400;2,58;0
1999-01-01;87,4252;164,700;2,57;0
1999-02-01;87,9260;164,700;2,39;0
1999-03-01;88,1101;164,800;2,30;0
1999-04-01;88,3106;165,900;2,30;0
1999-05-01;88,8487;166,000;2,18;0
1999-06-01;88,7978;166,000;2,12;0
1999-07-01;89,3119;166,700;2,16;0
1999-08-01;89,7109;167,100;2,21;0
1999-09-01;89,3331;167,800;2,28;0
1999-10-01;90,4924;168,100;2,27;0
1999-11-01;90,9650;168,400;2,12;0
1999-12-01;91,6804;168,800;1,91;0
2000-01-01;91,6261;169,300;1,67;0
2000-02-01;91,9626;170,000;1,77;0
2000-03-01;92,3118;171,000;2,11;0
2000-04-01;92,8872;170,900;2,41;0
2000-05-01;93,1620;171,200;2,46;0
2000-06-01;93,2168;172,200;2,38;0
2000-07-01;93,0400;172,700;2,30;0
2000-08-01;92,7900;172,700;2,43;0
2000-09-01;93,1547;173,600;2,55;0
2000-10-01;92,8361;173,900;2,60;0
2000-11-01;92,8395;174,200;2,56;0
2000-12-01;92,5334;174,600;2,78;0
2001-01-01;92,0304;175,600;2,77;0
2001-02-01;91,4079;176,000;2,77;0
2001-03-01;91,1751;176,100;2,95;0
2001-04-01;90,8767;176,400;2,93;1
2001-05-01;90,3750;177,300;2,68;1
2001-06-01;89,8626;177,700;2,69;1
2001-07-01;89,3288;177,400;2,73;1
2001-08-01;89,2201;177,400;2,88;1
2001-09-01;88,7478;178,100;3,30;1
2001-10-01;88,4755;177,600;3,34;1
2001-11-01;87,9631;177,500;3,16;1
2001-12-01;87,9329;177,400;2,96;0
2002-01-01;88,5452;177,700;2,83;0
2002-02-01;88,5362;178,000;2,98;0
2002-03-01;89,2097;178,500;2,83;0
2002-04-01;89,6389;179,300;2,82;0
2002-05-01;90,0271;179,500;2,93;0
2002-06-01;90,7645;179,600;3,02;0
2002-07-01;90,7437;180,000;3,25;0
2002-08-01;90,6268;180,500;3,32;0
2002-09-01;90,7241;180,800;3,53;0
2002-10-01;90,4879;181,200;3,79;0
2002-11-01;90,9823;181,500;3,57;0
2002-12-01;90,4919;181,800;3,42;0
2003-01-01;91,2395;182,600;3,30;0
2003-02-01;91,3384;183,600;3,16;0
2003-03-01;91,0690;183,900;3,14;0
2003-04-01;90,4913;183,200;2,89;0
2003-05-01;90,4697;182,900;2,81;0
2003-06-01;90,5899;183,100;2,86;0
2003-07-01;91,0614;183,700;2,64;0
2003-08-01;90,8452;184,500;2,56;0
2003-09-01;91,4453;185,100;2,52;0
2003-10-01;91,5595;184,900;2,44;0
2003-11-01;92,1763;185,000;2,36;0
2003-12-01;92,2532;185,500;2,33;0
2004-01-01;92,4067;186,300;2,29;0
2004-02-01;92,9687;186,700;2,19;0
2004-03-01;92,6000;187,100;2,28;0
2004-04-01;92,9761;187,400;2,11;0
2004-05-01;93,6446;188,200;2,03;0
2004-06-01;92,9303;188,900;2,05;0
2004-07-01;93,6109;189,100;2,12;0
2004-08-01;93,6958;189,200;2,18;0
2004-09-01;93,7958;189,800;2,14;0
2004-10-01;94,6226;190,800;2,11;0
2004-11-01;94,8491;191,700;2,01;0
2004-12-01;95,5841;191,700;1,92;0
2005-01-01;95,9285;191,600;1,80;0
2005-02-01;96,6287;192,400;1,65;0
2005-03-01;96,4907;193,100;1,56;0
2005-04-01;96,6809;193,700;1,71;0
2005-05-01;96,7925;193,600;1,87;0
2005-06-01;97,1900;193,700;1,86;0
2005-07-01;96,8981;194,900;1,77;0
2005-08-01;97,2223;196,100;1,70;0
2005-09-01;95,3463;198,800;1,83;0
2005-10-01;96,4981;199,100;1,84;0
2005-11-01;97,5646;198,100;1,85;0
2005-12-01;98,0222;198,100;1,85;0
2006-01-01;98,2044;199,300;1,82;0
2006-02-01;98,2404;199,400;1,70;0
2006-03-01;98,4742;199,700;1,69;0
2006-04-01;98,7765;200,700;1,69;0
2006-05-01;98,7884;201,300;1,64;0
2006-06-01;99,1069;201,800;1,67;0
2006-07-01;99,0357;202,900;1,67;0
2006-08-01;99,4583;203,800;1,71;0
2006-09-01;99,2544;202,800;1,71;0
2006-10-01;99,1514;201,900;1,69;0
2006-11-01;99,0974;202,000;1,60;0
2006-12-01;100,1117;203,100;1,66;0
2007-01-01;99,7226;203,437;1,58;0
2007-02-01;100,6919;204,226;1,56;0
2007-03-01;100,8857;205,288;1,71;0
2007-04-01;101,5777;205,904;1,70;0
2007-05-01;101,6481;206,755;1,64;0
2007-06-01;101,6741;207,234;1,60;0
2007-07-01;101,5627;207,603;1,65;0
2007-08-01;101,7751;207,667;1,98;0
2007-09-01;102,0279;208,547;2,07;0
2007-10-01;101,7289;209,190;1,95;0
2007-11-01;102,3185;210,834;2,25;0
2007-12-01;102,3074;211,445;2,55;0
2008-01-01;102,1686;212,174;2,80;1
2008-02-01;101,7673;212,687;3,08;1
2008-03-01;101,3986;213,448;3,38;1
2008-04-01;100,7238;213,942;3,29;1
2008-05-01;100,1399;215,208;3,05;1
2008-06-01;99,9141;217,463;2,97;1
2008-07-01;99,4943;219,016;3,15;1
2008-08-01;97,9367;218,690;3,26;1
2008-09-01;93,6585;218,877;3,62;1
2008-10-01;94,5845;216,995;5,07;1
2008-11-01;93,3455;213,153;5,68;1
2008-12-01;90,7183;211,398;6,01;1
2009-01-01;88,4683;211,933;5,62;1
2009-02-01;87,9360;212,705;5,21;1
2009-03-01;86,5503;212,495;5,60;1
2009-04-01;85,8598;212,709;5,46;1
2009-05-01;84,9991;213,022;4,77;1
2009-06-01;84,7277;214,790;3,78;1
2009-07-01;85,7091;214,726;3,53;0
2009-08-01;86,6333;215,445;2,99;0
2009-09-01;87,3615;215,861;2,91;0
2009-10-01;87,5488;216,509;2,90;0
2009-11-01;87,9144;217,234;2,92;0
2009-12-01;88,2318;217,347;2,78;0
2010-01-01;89,1936;217,488;2,52;0
2010-02-01;89,5089;217,281;2,65;0
2010-03-01;90,1449;217,353;2,54;0
2010-04-01;90,4740;217,403;2,40;0
2010-05-01;91,7131;217,290;2,63;0
2010-06-01;91,9287;217,199;3,03;0
2010-07-01;92,2737;217,605;3,00;0
2010-08-01;92,6150;217,923;2,96;0
2010-09-01;92,8668;218,275;3,01;0
2010-10-01;92,6138;219,035;3,18;0
2010-11-01;92,6772;219,590;3,16;0
2010-12-01;93,5741;220,472;2,81;0
2011-01-01;93,3793;221,187;2,70;0
2011-02-01;93,0051;221,898;2,57;0
2011-03-01;93,9780;223,046;2,62;0
2011-04-01;93,6525;224,093;2,56;0
2011-05-01;93,7878;224,806;2,61;0
2011-06-01;94,0378;224,806;2,75;0
2011-07-01;94,5146;225,395;2,76;0
2011-08-01;95,1263;226,106;3,06;0
2011-09-01;95,0732;226,597;3,29;0
2011-10-01;95,7291;226,750;3,22;0
2011-11-01;95,7455;227,169;3,13;0
2011-12-01;96,2147;227,223;3,27;0
2012-01-01;96,8051;227,842;3,26;0
2012-02-01;97,1033;228,329;3,17;0
2012-03-01;96,5973;228,807;3,06;0
2012-04-01;97,3006;229,187;3,14;0
2012-05-01;97,5046;228,713;3,27;0
2012-06-01;97,4903;228,524;3,40;0
2012-07-01;97,7234;228,590;3,34;0
2012-08-01;97,3130;229,918;3,23;0
2012-09-01;97,2405;231,015;3,12;0
2012-10-01;97,5610;231,638;2,83;0
2012-11-01;97,9589;231,249;2,86;0
2012-12-01;98,2061;231,221;2,91;0
2013-01-01;98,1990;231,679;2,82;0
2013-02-01;98,6835;232,937;2,87;0
2013-03-01;99,0994;232,282;2,89;0
2013-04-01;98,9898;231,797;2,83;0
2013-05-01;99,0782;231,893;2,80;0
2013-06-01;99,2141;232,445;2,89;0
2013-07-01;98,9132;232,900;2,74;0
2013-08-01;99,4891;233,456;2,68;0
2013-09-01;100,0172;233,544;2,66;0
2013-10-01;99,9038;233,669;2,69;0
2013-11-01;100,1479;234,100;2,66;0
2013-12-01;100,3576;234,719;2,48;0
2014-01-01;99,9828;235,288;2,33;0
2014-02-01;100,7485;235,547;2,39;0
2014-03-01;101,7391;236,028;2,34;0
2014-04-01;101,8023;236,468;2,19;0
2014-05-01;102,2116;236,918;2,20;0
2014-06-01;102,5637;237,231;2,20;0
2014-07-01;102,8425;237,498;2,19;0
2014-08-01;102,6499;237,460;2,27;0
2014-09-01;102,9647;237,477;2,27;0
2014-10-01;102,9704;237,430;2,39;0
2014-11-01;103,6017;236,983;2,46;0
2014-12-01;103,5920;236,252;2,53;0
2015-01-01;102,7980;234,747;2,57;0
2015-02-01;102,1554;235,342;2,53;0
2015-03-01;101,8077;235,976;2,50;0
2015-04-01;101,2285;236,222;2,54;0
2015-05-01;100,7536;237,001;2,69;0
2015-06-01;100,4529;237,657;2,77;0
2015-07-01;101,1100;238,034;2,88;0
2015-08-01;100,8802;238,033;3,02;0
2015-09-01;100,6080;237,498;3,17;0
2015-10-01;100,1510;237,733;3,27;0
2015-11-01;99,3817;238,017;3,20;0
2015-12-01;98,8572;237,761;3,22;0
2016-01-01;99,4086;237,652;3,36;0
2016-02-01;98,8946;237,336;3,56;0
2016-03-01;98,1385;238,080;3,24;0
2016-04-01;98,4364;238,992;2,98;0
2016-05-01;98,2096;239,557;2,87;0
2016-06-01;98,6766;240,222;2,89;0
2016-07-01;98,8371;240,101;2,72;0
2016-08-01;98,7302;240,545;2,68;0
2016-09-01;98,6287;241,176;2,68;0
2016-10-01;98,7126;241,741;2,62;0
2016-11-01;98,3004;242,026;2,57;0
2016-12-01;98,9063;242,637;2,34;0
2017-01-01;98,7349;243,618;2,23;0
2017-02-01;98,4178;244,006;2,22;0
2017-03-01;99,0726;243,892;2,20;0
2017-04-01;100,0545;244,193;2,27;0
2017-05-01;100,1390;244,004;2,25;0
2017-06-01;100,3148;244,163;2,18;0
2017-07-01;100,1418;244,243;2,07;0
2017-08-01;99,6878;245,183;2,10;0
2017-09-01;99,7829;246,435;2,10;0
2017-10-01;101,0401;246,626;1,96;0
2017-11-01;101,2260;247,284;1,92;0
2017-12-01;101,3878;247,805;1,82;0
2018-01-01;101,3450;248,743;1,68;0
2018-02-01;101,7068;249,439;1,65;0
2018-03-01;102,2785;249,581;1,80;0
2018-04-01;103,4340;250,146;1,80;0
2018-05-01;102,4735;250,779;1,85;0
2018-06-01;103,2508;251,118;1,92;0
2018-07-01;103,4588;251,323;1,90;0
2018-08-01;104,1802;251,749;1,88;0
2018-09-01;104,1665;252,239;1,88;0
2018-10-01;104,0476;252,862;1,92;0
2018-11-01;103,9603;252,657;2,10;0
2018-12-01;103,8690;252,551;2,30;0
2019-01-01;103,2684;252,470;2,41;0
2019-02-01;102,8157;253,135;2,27;0
2019-03-01;102,9000;254,273;2,27;0
2019-04-01;102,3826;255,163;2,17;0
2019-05-01;102,5756;255,325;2,23;0
2019-06-01;102,5928;255,361;2,39;0
2019-07-01;102,2012;255,900;2,22;0
2019-08-01;102,9086;256,179;2,24;0
2019-09-01;102,5790;256,596;2,21;0
2019-10-01;101,7775;257,305;2,21;0
2019-11-01;102,0979;257,788;2,13;0
2019-12-01;101,7632;258,263;2,02;0
2020-01-01;101,3030;258,682;2,01;0
2020-02-01;101,7038;259,007;2,11;0
2020-03-01;97,8746;258,165;3,42;1
2020-04-01;84,9590;256,094;3,47;1
2020-05-01;86,3345;255,944;3,28;0
2020-06-01;91,7523;257,217;2,91;0
2020-07-01;95,2439;258,543;2,69;0
2020-08-01;96,1173;259,580;2,62;0
2020-09-01;96,0711;260,190;2,68;0
2020-10-01;96,8250;260,352;2,65;0
2020-11-01;97,1183;260,721;2,43;0
2020-12-01;98,1380;261,564;2,23;0
2021-01-01;99,2645;262,200;2,16;0
2021-02-01;96,2231;263,346;2,16;0
2021-03-01;98,8621;265,028;2,13;0
2021-04-01;99,0246;266,727;1,97;0
2021-05-01;99,7785;268,599;2,00;0
2021-06-01;100,1923;270,955;1,92;0
2021-07-01;100,8724;272,184;1,92;0
2021-08-01;100,8370;273,092;1,96;0
2021-09-01;99,8498;274,214;1,86;0
2021-10-01;101,3602;276,590;1,77;0
2021-11-01;101,9610;278,524;1,72;0
2021-12-01;101,7587;280,126;1,84;0
2022-01-01;102,1460;281,933;1,82;0
2022-02-01;102,8987;284,182;2,04;0
2022-03-01;103,6218;287,708;2,16;0
2022-04-01;104,3022;288,663;1,91;0
2022-05-01;104,2103;291,474;2,22;0
2022-06-01;104,2229;295,328;2,13;0
